accuracy,precision,recall,f1_score
0.975177304964539,0.9811689899730985,0.975177304964539,0.9767114676321361
